GROUP,PACKAGE,CLASS,INSTRUCTION_MISSED,INSTRUCTION_COVERED,BRANCH_MISSED,BRANCH_COVERED,LINE_MISSED,LINE_COVERED,COMPLEXITY_MISSED,COMPLEXITY_COVERED,METHOD_MISSED,METHOD_COVERED
api-transaction-manager,io.pismo.api.transaction.manager.controller,TransactionController,22,0,0,0,5,0,3,0,3,0
api-transaction-manager,io.pismo.api.transaction.manager.controller,AccountController,0,36,0,0,0,8,0,4,0,4
api-transaction-manager,io.pismo.api.transaction.manager.exception,ConverterError,9,0,0,0,4,0,2,0,2,0
api-transaction-manager,io.pismo.api.transaction.manager.exception,ApiError,88,0,4,0,24,0,12,0,10,0
api-transaction-manager,io.pismo.api.transaction.manager.exception,FieldMessage,26,0,0,0,12,0,6,0,6,0
api-transaction-manager,io.pismo.api.transaction.manager.exception,ApiException,23,13,0,0,8,5,4,1,4,1
api-transaction-manager,io.pismo.api.transaction.manager.exception,InternalServerErrorException,9,0,0,0,2,0,1,0,1,0
api-transaction-manager,io.pismo.api.transaction.manager.exception,ResourceExceptionHandler,95,0,2,0,15,0,7,0,6,0
api-transaction-manager,io.pismo.api.transaction.manager.exception,ExceptionBuilder,3,14,0,0,1,2,1,2,1,2
api-transaction-manager,io.pismo.api.transaction.manager.exception,ValidationError,24,0,0,0,6,0,3,0,3,0
api-transaction-manager,io.pismo.api.transaction.manager.constants,OperationTypes,0,59,0,0,0,9,0,3,0,3
api-transaction-manager,io.pismo.api.transaction.manager.util,BaseConverter,62,4,0,0,13,1,4,1,4,1
api-transaction-manager,io.pismo.api.transaction.manager.configuration,LocalDateTimeSerializer,8,0,0,0,3,0,2,0,2,0
api-transaction-manager,io.pismo.api.transaction.manager.configuration,SpringConfig,128,0,0,0,24,0,4,0,4,0
api-transaction-manager,io.pismo.api.transaction.manager.configuration,SpringfoxConfig,34,0,0,0,10,0,3,0,3,0
api-transaction-manager,io.pismo.api.transaction.manager.configuration,LocalDateTimeDeserializer,7,0,0,0,2,0,2,0,2,0
api-transaction-manager,io.pismo.api.transaction.manager,Application,8,0,0,0,3,0,2,0,2,0
api-transaction-manager,io.pismo.api.transaction.manager.service,TransactionService,0,63,0,0,0,13,0,5,0,5
api-transaction-manager,io.pismo.api.transaction.manager.service,AccountService,0,59,0,2,0,13,0,6,0,5
